アイデンティティ,sumika,J-POP
茜色の群青,sumika,J-POP
明日晴れるさ,sumika,J-POP
アネモネ,sumika,J-POP
あの手、この手,sumika,J-POP
アルル,sumika,J-POP
アンコール,sumika,J-POP
Answer,sumika,J-POP
Amber,sumika,J-POP
いいのに,sumika,J-POP
イコール,sumika,J-POP
1.2.3..4.5.6,sumika,J-POP
一閃,sumika,J-POP
イノセンス,sumika,J-POP
enn,sumika,J-POP
エンドロール,sumika,J-POP
下弦の月,sumika,J-POP
グライダースライダー,sumika,J-POP
Glitter,sumika,J-POP
KOKYU,sumika,J-POP
ここから見える景色,sumika,J-POP
言葉と心,sumika,J-POP
ゴーストライター,sumika,J-POP
Summer Vacation,sumika,J-POP
Someday,sumika,J-POP
sara,sumika,J-POP
The Flag Song,sumika,J-POP
Shake & Shake,sumika,J-POP
祝祭,sumika,J-POP
春夏秋冬,sumika,J-POP
Simple,sumika,J-POP
Jasmine,sumika,J-POP
10時の方角,sumika,J-POP
彗星,sumika,J-POP
Starting Over,sumika,J-POP
Strawberry Fields,sumika,J-POP
センス・オブ・ワンダー,sumika,J-POP
絶叫セレナーデ,sumika,J-POP
ソーダ,sumika,J-POP
唯風と太陽,sumika,J-POP
惰星のマーチ,sumika,J-POP
チェスターコパーポット,sumika,J-POP
チョコレイト,sumika,J-POP
「伝言歌」,sumika,J-POP
透明,sumika,J-POP
溶けた体温、蕩けた魔法,sumika,J-POP
Traveling,sumika,J-POP
Door,sumika,J-POP
ナイトウォーカー,sumika,J-POP
何者,sumika,J-POP
No.5,sumika,J-POP
New World,sumika,J-POP
願い,sumika,J-POP
ハイヤーグラウンド,sumika,J-POP
白昼夢,sumika,J-POP
Happy Birthday,sumika,J-POP
春風,sumika,J-POP
Babel,sumika,J-POP
秘密,sumika,J-POP
Familia,sumika,J-POP
ファンファーレ,sumika,J-POP
フィクション,sumika,J-POP
ふっかつのじゅもん,sumika,J-POP
Flower,sumika,J-POP
フレア,sumika,J-POP
ペルソナ・プロムナード,sumika,J-POP
ホワイトマーチ,sumika,J-POP
本音,sumika,J-POP
Porter,sumika,J-POP
まいった,sumika,J-POP
MY NAME IS,sumika,J-POP
マイリッチサマーブルース,sumika,J-POP
MAGICGOLD LYLIC,sumika,J-POP
Marry Dance,sumika,J-POP
Monday,sumika,J-POP
ライラ,sumika,J-POP
Lovers,sumika,J-POP
Lamp,sumika,J-POP
リグレット,sumika,J-POP
リタルダンド,sumika,J-POP
リフレイン,sumika,J-POP
Late Show,sumika,J-POP
rem.,sumika,J-POP
Lost Found.,sumika,J-POP
わすれもの,sumika,J-POP